Workbook
Name Slicer_Product_Category: #N/A
Name Slicer_Region: #N/A
Name Slicer_Region1: #N/A

Sheet Sheet20

Sheet sales_data
A1: Customer_ID | B1: Customer_Name | C1: Region | D1: Product_Category | E1: Sales | F1: Quantity | G1: Discount | H1: Order_Date | I1: Profit | J1: analysis_timestamp
A2: CUST019 | B2: James Davis | C2: West | D2: Books | E2: 1036.09 | F2: 4 | G2: 0.2 | H2: 45392 | I2: 331.55 | J2: =NOW() -> 46318.605
A3: CUST012 | B3: Robert Anderson | C3: West | D3: Clothing | E3: 1101.28 | F3: 3 | G3: 0.2 | H3: 45393 | I3: 440.51 | J3: =NOW() -> 46318.605
A4: CUST017 | B4: James Taylor | C4: East | D4: Books | E4: 713.34 | F4: 17 | G4: 0 | H4: 45396 | I4: 285.34 | J4: =NOW() -> 46318.605
A5: CUST005 | B5: Robert Anderson | C5: South | D5: Electronics | E5: 760.93 | F5: 4 | G5: 0.15 | H5: 45396 | I5: 161.7 | J5: =NOW() -> 46318.605
A6: CUST030 | B6: James Wilson | C6: North | D6: Books | E6: 847 | F6: 12 | G6: 0.2 | H6: 45397 | I6: 271.04 | J6: =NOW() -> 46318.605
A7: CUST007 | B7: Michael Anderson | C7: North | D7: Furniture | E7: 965.64 | F7: 8 | G7: 0.1 | H7: 45398 | I7: 304.18 | J7: =NOW() -> 46318.605
A8: CUST001 | B8: Linda Wilson | C8: West | D8: Electronics | E8: 1317.53 | F8: 12 | G8: 0.05 | H8: 45398 | I8: 312.91 | J8: =NOW() -> 46318.605
A9: CUST026 | B9: Mary Davis | C9: East | D9: Furniture | E9: 1074.47 | F9: 6 | G9: 0.2 | H9: 45401 | I9: 300.85 | J9: =NOW() -> 46318.605
A10: CUST009 | B10: Linda Jackson | C10: Central | D10: Books | E10: 501.54 | F10: 11 | G10: 0.05 | H10: 45401 | I10: 190.59 | J10: =NOW() -> 46318.605
A11: CUST010 | B11: David Thomas | C11: Central | D11: Clothing | E11: 737.31 | F11: 2 | G11: 0.05 | H11: 45401 | I11: 350.22 | J11: =NOW() -> 46318.605
A12: CUST014 | B12: Emma Davis | C12: West | D12: Office Supplies | E12: 1572.82 | F12: 6 | G12: 0.05 | H12: 45402 | I12: 672.38 | J12: =NOW() -> 46318.605
A13: CUST014 | B13: David Thomas | C13: Central | D13: Books | E13: 1343.13 | F13: 14 | G13: 0.15 | H13: 45404 | I13: 456.66 | J13: =NOW() -> 46318.605
... A201: CUST016 | B201: David Thomas | C201: South | D201: Clothing | E201: 928.32 | F201: 2 | G201: 0.05 | H201: 45754 | I201: 440.95 | J201: =NOW() -> 46318.605

Sheet conditional formating
A1: Customer_ID | B1: Customer_Name | C1: total_purchase
A2: CUST019 | B2: James Davis | C2: =SUMIF(sales_data!A2:A201,A2,sales_data!E2:E201) -> 4640.11
A3: CUST012 | B3: Robert Anderson | C3: =SUMIF(sales_data!A3:A202,A3,sales_data!E3:E202) -> 8339
A4: CUST017 | B4: James Taylor | C4: =SUMIF(sales_data!A4:A203,A4,sales_data!E4:E203) -> 3419.2
A5: CUST005 | B5: Robert Anderson | C5: =SUMIF(sales_data!A5:A204,A5,sales_data!E5:E204) -> 6666.13
A6: CUST030 | B6: James Wilson | C6: =SUMIF(sales_data!A6:A205,A6,sales_data!E6:E205) -> 7928.71
A7: CUST007 | B7: Michael Anderson | C7: =SUMIF(sales_data!A7:A206,A7,sales_data!E7:E206) -> 9941.88
A8: CUST001 | B8: Linda Wilson | C8: =SUMIF(sales_data!A8:A207,A8,sales_data!E8:E207) -> 6549.55
A9: CUST026 | B9: Mary Davis | C9: =SUMIF(sales_data!A9:A208,A9,sales_data!E9:E208) -> 9371.81
A10: CUST009 | B10: Linda Jackson | C10: =SUMIF(sales_data!A10:A209,A10,sales_data!E10:E209) -> 6505.2
A11: CUST010 | B11: David Thomas | C11: =SUMIF(sales_data!A11:A210,A11,sales_data!E11:E210) -> 4259.22
A12: CUST014 | B12: Emma Davis | C12: =SUMIF(sales_data!A12:A211,A12,sales_data!E12:E211) -> 6729.89
A13: CUST023 | B13: Robert Anderson | C13: =SUMIF(sales_data!A13:A212,A13,sales_data!E13:E212) -> 5913.68
... A31: CUST018 | B31: Mary Jackson | C31: =SUMIF(sales_data!A31:A230,A31,sales_data!E31:E230) -> 4951.89

Sheet what_if_analysis
A1: discount | B1: simulated_profit
A2: 0 | B2: {=SUM(sales_data!I2:I201)+SUMPRODUCT(sales_data!E2:E201,sales_data!G2:G201-A2)} -> 87559.768
A3: 0.05 | B3: {=SUM(sales_data!I3:I202)+SUMPRODUCT(sales_data!E3:E202,sales_data!G3:G202-A3)} -> 77311.916
A4: 0.1 | B4: {=SUM(sales_data!I4:I203)+SUMPRODUCT(sales_data!E4:E203,sales_data!G4:G203-A4)} -> 67052.195
A5: 0.15 | B5: {=SUM(sales_data!I5:I204)+SUMPRODUCT(sales_data!E5:E204,sales_data!G5:G204-A5)} -> 57219.836
A6: 0.2 | B6: {=SUM(sales_data!I6:I205)+SUMPRODUCT(sales_data!E6:E205,sales_data!G6:G205-A6)} -> 47477.83

Sheet regression
A1: SUMMARY OUTPUT
A3: Regression Statistics
A4: Multiple R | B4: 0.77340306
A5: R Square | B5: 0.5981523
A6: Adjusted R Square | B6: 0.59612277
A7: Standard Error | B7: 86.281231
A8: Observations | B8: 200
A10: ANOVA
B11: df | C11: SS | D11: MS | E11: F | F11: Significance F
A12: Regression | B12: 1 | C12: 2194058.2 | D12: 2194058.2 | E12: 294.72398 | F12: 4.6269368e-41
A13: Residual | B13: 198 | C13: 1474001.2 | D13: 7444.4507
A14: Total | B14: 199 | C14: 3668059.4
B16: Coefficients | C16: Standard Error | D16: t Stat | E16: P-value | F16: Lower 95% | G16: Upper 95% | H16: Lower 95.0% | I16: Upper 95.0%
A17: Intercept | B17: -1.0315505 | C17: 20.860617 | D17: -0.049449663 | E17: 0.9606108 | F17: -42.169052 | G17: 40.105951 | H17: -42.169052 | I17: 40.105951
A18: Sales | B18: 0.35085599 | C18: 0.020437189 | D18: 17.167527 | E18: 4.6269368e-41 | F18: 0.3105535 | G18: 0.39115848 | H18: 0.3105535 | I18: 0.39115848

Sheet descriptive_stats
A1: Sales | F1: Profit
A3: Mean | B3: 976.0888 | F3: Mean | G3: 341.43505
A4: Standard Error | B4: 21.16185 | F4: Standard Error | G4: 9.6001196
A5: Median | B5: 976.72 | F5: Median | G5: 332.255
A6: Mode | B6: #N/A | F6: Mode | G6: #N/A
A7: Standard Deviation | B7: 299.27376 | F7: Standard Deviation | G7: 135.76619
A8: Sample Variance | B8: 89564.783 | F8: Sample Variance | G8: 18432.459
A9: Kurtosis | B9: -0.088595232 | F9: Kurtosis | G9: 0.26450644
A10: Skewness | B10: 0.14685797 | F10: Skewness | G10: 0.57339636
A11: Range | B11: 1665.15 | F11: Range | G11: 704.83
A12: Minimum | B12: 258.51 | F12: Minimum | G12: 64.63
A13: Maximum | B13: 1923.66 | F13: Maximum | G13: 769.46
A14: Sum | B14: 195217.76 | F14: Sum | G14: 68287.01
A15: Count | B15: 200 | F15: Count | G15: 200
B16: 1

Sheet monthaly analysis
A1: month | B1: total_sale | C1: previous_month_sale | D1: growth | E1: trend
A2: =DATE(2024,4,1) -> 45383 | B2: =SUMIFS(sales_data!E2:E201,sales_data!H2:H201,">="&A2,sales_data!H2:H201,"<"&EDATE(A2,1)) -> 19029.96
A3: =EDATE(A2,1) -> 45413 | B3: =SUMIFS(sales_data!E3:E202,sales_data!H3:H202,">="&A3,sales_data!H3:H202,"<"&EDATE(A3,1)) -> 18507.34 | C3: =B2 -> 19029.96 | D3: =IFERROR((B3-C3)/C3,0) -> -0.027463011 | E3: =IF(B3>C3,"↑",IF(B3<C3,"↓","→")) -> ↓
A4: =EDATE(A3,1) -> 45444 | B4: =SUMIFS(sales_data!E4:E203,sales_data!H4:H203,">="&A4,sales_data!H4:H203,"<"&EDATE(A4,1)) -> 20187.51 | C4: =B3 -> 18507.34 | D4: =IFERROR((B4-C4)/C4,0) -> 0.090783981 | E4: =IF(B4>C4,"↑",IF(B4<C4,"↓","→")) -> ↑
A5: =EDATE(A4,1) -> 45474 | B5: =SUMIFS(sales_data!E5:E204,sales_data!H5:H204,">="&A5,sales_data!H5:H204,"<"&EDATE(A5,1)) -> 11609.04 | C5: =B4 -> 20187.51 | D5: =IFERROR((B5-C5)/C5,0) -> -0.42493948 | E5: =IF(B5>C5,"↑",IF(B5<C5,"↓","→")) -> ↓
A6: =EDATE(A5,1) -> 45505 | B6: =SUMIFS(sales_data!E6:E205,sales_data!H6:H205,">="&A6,sales_data!H6:H205,"<"&EDATE(A6,1)) -> 10091.7 | C6: =B5 -> 11609.04 | D6: =IFERROR((B6-C6)/C6,0) -> -0.13070331 | E6: =IF(B6>C6,"↑",IF(B6<C6,"↓","→")) -> ↓
A7: =EDATE(A6,1) -> 45536 | B7: =SUMIFS(sales_data!E7:E206,sales_data!H7:H206,">="&A7,sales_data!H7:H206,"<"&EDATE(A7,1)) -> 20533.5 | C7: =B6 -> 10091.7 | D7: =IFERROR((B7-C7)/C7,0) -> 1.0346919 | E7: =IF(B7>C7,"↑",IF(B7<C7,"↓","→")) -> ↑
A8: =EDATE(A7,1) -> 45566 | B8: =SUMIFS(sales_data!E8:E207,sales_data!H8:H207,">="&A8,sales_data!H8:H207,"<"&EDATE(A8,1)) -> 14215.24 | C8: =B7 -> 20533.5 | D8: =IFERROR((B8-C8)/C8,0) -> -0.30770497 | E8: =IF(B8>C8,"↑",IF(B8<C8,"↓","→")) -> ↓
A9: =EDATE(A8,1) -> 45597 | B9: =SUMIFS(sales_data!E9:E208,sales_data!H9:H208,">="&A9,sales_data!H9:H208,"<"&EDATE(A9,1)) -> 20135.03 | C9: =B8 -> 14215.24 | D9: =IFERROR((B9-C9)/C9,0) -> 0.41643968 | E9: =IF(B9>C9,"↑",IF(B9<C9,"↓","→")) -> ↑
A10: =EDATE(A9,1) -> 45627 | B10: =SUMIFS(sales_data!E10:E209,sales_data!H10:H209,">="&A10,sales_data!H10:H209,"<"&EDATE(A10,1)) -> 11120.04 | C10: =B9 -> 20135.03 | D10: =IFERROR((B10-C10)/C10,0) -> -0.44772667 | E10: =IF(B10>C10,"↑",IF(B10<C10,"↓","→")) -> ↓
A11: =EDATE(A10,1) -> 45658 | B11: =SUMIFS(sales_data!E11:E210,sales_data!H11:H210,">="&A11,sales_data!H11:H210,"<"&EDATE(A11,1)) -> 14914.65 | C11: =B10 -> 11120.04 | D11: =IFERROR((B11-C11)/C11,0) -> 0.34124068 | E11: =IF(B11>C11,"↑",IF(B11<C11,"↓","→")) -> ↑
A12: =EDATE(A11,1) -> 45689 | B12: =SUMIFS(sales_data!E12:E211,sales_data!H12:H211,">="&A12,sales_data!H12:H211,"<"&EDATE(A12,1)) -> 14006.36 | C12: =B11 -> 14914.65 | D12: =IFERROR((B12-C12)/C12,0) -> -0.060899183 | E12: =IF(B12>C12,"↑",IF(B12<C12,"↓","→")) -> ↓
A13: =EDATE(A12,1) -> 45717 | B13: =SUMIFS(sales_data!E13:E212,sales_data!H13:H212,">="&A13,sales_data!H13:H212,"<"&EDATE(A13,1)) -> 17655.22 | C13: =B12 -> 14006.36 | D13: =IFERROR((B13-C13)/C13,0) -> 0.26051451 | E13: =IF(B13>C13,"↑",IF(B13<C13,"↓","→")) -> ↑
A14: =EDATE(A13,1) -> 45748 | B14: =SUMIFS(sales_data!E14:E213,sales_data!H14:H213,">="&A14,sales_data!H14:H213,"<"&EDATE(A14,1)) -> 3212.17 | C14: =B13 -> 17655.22 | D14: =IFERROR((B14-C14)/C14,0) -> -0.81806117 | E14: =IF(B14>C14,"↑",IF(B14<C14,"↓","→")) -> ↓

Sheet customer analysis
A1: custmer_id | B1: customer-name | C1: total_purchase | D1: customer_rank | E1: customer_category
A2: CUST019 | B2: =INDEX(sales_data!B2:B201,MATCH(A2,sales_data!A2:A201,0)) -> James Davis | C2: =SUMIF(sales_data!A2:A201,A2,sales_data!E2:E201) -> 4640.11 | D2: =_xlfn.RANK.EQ(C2,C2:C31,0) -> 21 | E2: =IF(D2<=10,"high value","regular") -> regular
A3: CUST012 | B3: =INDEX(sales_data!B3:B202,MATCH(A3,sales_data!A3:A202,0)) -> Robert Anderson | C3: =SUMIF(sales_data!A3:A202,A3,sales_data!E3:E202) -> 8339 | D3: =_xlfn.RANK.EQ(C3,C3:C32,0) -> 8 | E3: =IF(D3<=10,"high value","regular") -> high value
A4: CUST017 | B4: =INDEX(sales_data!B4:B203,MATCH(A4,sales_data!A4:A203,0)) -> James Taylor | C4: =SUMIF(sales_data!A4:A203,A4,sales_data!E4:E203) -> 3419.2 | D4: =_xlfn.RANK.EQ(C4,C4:C33,0) -> 26 | E4: =IF(D4<=10,"high value","regular") -> regular
A5: CUST005 | B5: =INDEX(sales_data!B5:B204,MATCH(A5,sales_data!A5:A204,0)) -> Robert Anderson | C5: =SUMIF(sales_data!A5:A204,A5,sales_data!E5:E204) -> 6666.13 | D5: =_xlfn.RANK.EQ(C5,C5:C34,0) -> 13 | E5: =IF(D5<=10,"high value","regular") -> regular
A6: CUST030 | B6: =INDEX(sales_data!B6:B205,MATCH(A6,sales_data!A6:A205,0)) -> James Wilson | C6: =SUMIF(sales_data!A6:A205,A6,sales_data!E6:E205) -> 7928.71 | D6: =_xlfn.RANK.EQ(C6,C6:C35,0) -> 8 | E6: =IF(D6<=10,"high value","regular") -> high value
A7: CUST007 | B7: =INDEX(sales_data!B7:B206,MATCH(A7,sales_data!A7:A206,0)) -> Michael Anderson | C7: =SUMIF(sales_data!A7:A206,A7,sales_data!E7:E206) -> 9941.88 | D7: =_xlfn.RANK.EQ(C7,C7:C36,0) -> 3 | E7: =IF(D7<=10,"high value","regular") -> high value
A8: CUST001 | B8: =INDEX(sales_data!B8:B207,MATCH(A8,sales_data!A8:A207,0)) -> Linda Wilson | C8: =SUMIF(sales_data!A8:A207,A8,sales_data!E8:E207) -> 6549.55 | D8: =_xlfn.RANK.EQ(C8,C8:C37,0) -> 11 | E8: =IF(D8<=10,"high value","regular") -> regular
A9: CUST026 | B9: =INDEX(sales_data!B9:B208,MATCH(A9,sales_data!A9:A208,0)) -> Mary Davis | C9: =SUMIF(sales_data!A9:A208,A9,sales_data!E9:E208) -> 9371.81 | D9: =_xlfn.RANK.EQ(C9,C9:C38,0) -> 4 | E9: =IF(D9<=10,"high value","regular") -> high value
A10: CUST009 | B10: =INDEX(sales_data!B10:B209,MATCH(A10,sales_data!A10:A209,0)) -> Linda Jackson | C10: =SUMIF(sales_data!A10:A209,A10,sales_data!E10:E209) -> 6505.2 | D10: =_xlfn.RANK.EQ(C10,C10:C39,0) -> 10 | E10: =IF(D10<=10,"high value","regular") -> high value
A11: CUST010 | B11: =INDEX(sales_data!B11:B210,MATCH(A11,sales_data!A11:A210,0)) -> David Thomas | C11: =SUMIF(sales_data!A11:A210,A11,sales_data!E11:E210) -> 4259.22 | D11: =_xlfn.RANK.EQ(C11,C11:C40,0) -> 16 | E11: =IF(D11<=10,"high value","regular") -> regular
A12: CUST014 | B12: =INDEX(sales_data!B12:B211,MATCH(A12,sales_data!A12:A211,0)) -> Emma Davis | C12: =SUMIF(sales_data!A12:A211,A12,sales_data!E12:E211) -> 6729.89 | D12: =_xlfn.RANK.EQ(C12,C12:C41,0) -> 8 | E12: =IF(D12<=10,"high value","regular") -> high value
A13: CUST023 | B13: =INDEX(sales_data!B13:B212,MATCH(A13,sales_data!A13:A212,0)) -> Robert Anderson | C13: =SUMIF(sales_data!A13:A212,A13,sales_data!E13:E212) -> 5913.68 | D13: =_xlfn.RANK.EQ(C13,C13:C42,0) -> 10 | E13: =IF(D13<=10,"high value","regular") -> high value
... A31: CUST018 | B31: =INDEX(sales_data!B31:B230,MATCH(A31,sales_data!A31:A230,0)) -> Mary Jackson | C31: =SUMIF(sales_data!A31:A230,A31,sales_data!E31:E230) -> 4951.89 | D31: =_xlfn.RANK.EQ(C31,C31:C60,0) -> 1 | E31: =IF(D31<=10,"high value","regular") -> high value

Sheet pivot_analysis
A3: Sum of Sales | B3: Column Labels
A4: Row Labels | B4: Books | C4: Clothing | D4: Electronics | E4: Furniture | F4: Office Supplies | G4: Grand Total
A5: Central | B5: 11297.15 | C5: 12200.26 | D5: 6621.24 | E5: 4876.96 | F5: 8472.72 | G5: 43468.33
A6: East | B6: 11389.09 | C6: 2401.45 | D6: 2869.54 | E6: 7592.34 | F6: 8189.22 | G6: 32441.64
A7: North | B7: 8037.01 | C7: 8422.82 | D7: 8191.71 | E7: 6978.08 | F7: 3345.8 | G7: 34975.42
A8: South | B8: 9588.04 | C8: 8393.63 | D8: 11989.07 | E8: 7982.73 | F8: 2295.32 | G8: 40248.79
A9: West | B9: 6691.17 | C9: 10509.43 | D9: 11372.44 | E9: 9182.78 | F9: 6327.76 | G9: 44083.58
A10: Grand Total | B10: 47002.46 | C10: 41927.59 | D10: 41044 | E10: 36612.89 | F10: 28630.82 | G10: 195217.76

Sheet bar chart by region
A3: Row Labels | B3: Sum of Sales
A4: Central | B4: 43468.33
A5: East | B5: 32441.64
A6: North | B6: 34975.42
A7: South | B7: 40248.79
A8: West | B8: 44083.58
A9: Grand Total | B9: 195217.76

Sheet pie chart
A3: Row Labels | B3: Sum of Sales
A4: Books | B4: 47002.46
A5: Clothing | B5: 41927.59
A6: Electronics | B6: 41044
A7: Furniture | B7: 36612.89
A8: Office Supplies | B8: 28630.82
A9: Grand Total | B9: 195217.76

Sheet dashboard
A1: Sales Performance Dashboard
A11: KPI | B11: FORMULA
A12: Total sales | B12: =SUM(sales_data!E2:E201) -> 195217.76
A13: Total Profit | B13: =SUM(sales_data!I2:I201) -> 68287.01
A14: Total Orders | B14: =COUNTA(sales_data!A2:A201) -> 200
A15: Average Sales | B15: =AVERAGE(sales_data!E2:E201) -> 976.0888
